iot_start, iot_end, edge_start1, edge_end1, cloud_start, cloud_end, edge_start2, edge_end2
1737306047.7462995,1737306108.1030097,1737306047.7656305,1737306047.8869388,1737306047.9047263,1737306048.0128913,1737306048.0157828,1737306048.0158746
1737306852.506624,1737306882.7518716,1737306852.528613,1737306852.651596,1737306852.6668992,1737306852.7424393,1737306852.7461839,1737306852.7462344
