iot_start, iot_end, edge_start1, edge_end1, cloud_start, cloud_end, edge_start2, edge_end2
1737404491.183073,1737404540.3834243,1737404510.169775,1737404510.2902057,1737404510.300903,1737404510.3712096,1737404510.3748102,1737404510.3748887
1737404524.0244918,1737404569.9333625,1737404539.6860669,1737404539.8129783,1737404539.8239646,1737404539.9174345,1737404539.9224846,1737404539.9225636
1737404551.516497,1737404657.3749554,1737404567.1228948,1737404567.2445805,1737404567.2708824,1737404567.3499093,1737404567.3528569,1737404567.352957
1737404927.177677,1737405052.0865204,1737404991.4007082,1737404991.5246782,1737404991.5394049,1737404992.0637207,1737404992.0665421,1737404992.0666218
