iot_start, iot_end, edge_start1, edge_end1, cloud_start, cloud_end, edge_start2, edge_end2
1737404436.1292155,1737404468.9428697,1737404438.7043235,1737404438.8255453,1737404438.8431544,1737404438.9170768,1737404438.9194558,1737404438.9195187
1737404436.9634163,1737404471.8503773,1737404439.3678586,1737404439.5901253,1737404439.6059997,1737404441.8204796,1737404441.8252556,1737404441.825334
1737404611.1372979,1737404651.383536,1737404650.4570084,1737404650.767265,1737404650.7773926,1737404651.2911096,1737404651.2949307,1737404651.2950206
