iot_start, iot_end, edge_start1, edge_end1, cloud_start, cloud_end, edge_start2, edge_end2
1737404452.7863111,1737404608.0824504,1737404457.3832169,1737404457.5102868,1737404457.5233278,1737404458.0432959,1737404458.046522,1737404458.0465708
1737404530.5261445,1737404635.1709507,1737404544.5453312,1737404545.0062692,1737404545.0231123,1737404545.1559057,1737404545.1588757,1737404545.1591303
1737404540.2915983,1737404643.0710914,1737404552.832274,1737404552.965143,1737404552.975807,1737404553.0567772,1737404553.059507,1737404553.0595863
1737404530.2285163,1737404862.136973,1737404561.3511264,1737404561.568292,1737404561.5852897,1737404562.1141417,1737404562.1168568,1737404562.1169267
1737404469.041222,1737404881.8497977,1737404491.6015718,1737404491.7184708,1737404491.7367475,1737404491.816903,1737404491.820127,1737404491.820208
