iot_start, iot_end, edge_start1, edge_end1, cloud_start, cloud_end, edge_start2, edge_end2
1737399741.2947268,1737399742.0879037,1737399741.3965573,1737399741.5239723,1737399741.5430586,1737399742.0761302,1737399742.0793188,1737399742.0793962
1737399731.755371,1737399792.088529,1737399731.7975488,1737399731.9284916,1737399731.9441981,1737399732.0720937,1737399732.0759144,1737399732.0760012
1737400188.5870402,1737400218.9438279,1737400188.6374927,1737400188.766566,1737400188.780492,1737400188.8706956,1737400188.8739948,1737400188.8740752
