iot_start, iot_end, edge_start1, edge_end1, cloud_start, cloud_end, edge_start2, edge_end2
1737399751.6063454,1737400021.8791742,1737399751.6237102,1737399751.7548938,1737399751.7723176,1737399751.8583758,1737399751.8613372,1737399751.8614361
1737400103.9857209,1737400164.4389682,1737400104.151198,1737400104.2780519,1737400104.2940357,1737400104.3745847,1737400104.3777325,1737400104.3778422
