iot_start, iot_end, edge_start1, edge_end1, cloud_start, cloud_end, edge_start2, edge_end2
1737399641.9511104,1737399762.3812106,1737399642.032778,1737399642.1605082,1737399642.1788082,1737399642.2600312,1737399642.2637334,1737399642.2638094
1737399807.199048,1737399897.4728568,1737399807.228569,1737399807.354023,1737399807.3680325,1737399807.4440134,1737399807.4487302,1737399807.4488318
1737399940.6886446,1737400030.952479,1737399940.7154675,1737399940.8403618,1737399940.8732429,1737399940.9414968,1737399940.9453561,1737399940.9454632
