iot_start, iot_end, edge_start1, edge_end1, cloud_start, cloud_end, edge_start2, edge_end2
1737493707.5939488,1737493738.1987371,1737493707.7093928,1737493708.008515,1737493708.0263262,1737493708.1225612,1737493708.1257784,1737493708.1258612
1737494477.6974213,1737494508.1408036,1737494477.7172556,1737494477.8375204,1737494477.8512886,1737494478.0774722,1737494478.080176,1737494478.0802803
1737494750.9225032,1737494751.3480954,1737494750.9682486,1737494751.0985005,1737494751.1171024,1737494751.2839398,1737494751.2868407,1737494751.2869456
1737494396.325236,1737494967.169071,1737494396.4367194,1737494396.5571558,1737494396.5757973,1737494397.1270204,1737494397.1296716,1737494397.129752
1737495514.041935,1737495514.9026024,1737495514.0625021,1737495514.1857705,1737495514.1976857,1737495514.845168,1737495514.848148,1737495514.8482616
1737495432.2052045,1737495552.493811,1737495432.239108,1737495432.3647976,1737495432.384334,1737495432.471704,1737495432.475273,1737495432.47537
1737495787.7117944,1737495878.130042,1737495787.7764475,1737495787.9095042,1737495787.9221764,1737495788.03267,1737495788.0353553,1737495788.0354574
