iot_start, iot_end, edge_start1, edge_end1, cloud_start, cloud_end, edge_start2, edge_end2
1737495016.4819367,1737495110.8589048,1737495110.185975,1737495110.3683717,1737495110.3811188,1737495110.847918,1737495110.8511508,1737495110.85122
1737495050.5844247,1737495178.9643989,1737495178.7269764,1737495178.8492951,1737495178.8597753,1737495178.9410558,1737495178.9449615,1737495178.9450376
1737495020.315588,1737495181.0503097,1737495119.3758452,1737495120.4876802,1737495120.5022643,1737495121.041489,1737495121.0441628,1737495121.0442183
1737495019.817746,1737495259.6843882,1737495139.459319,1737495139.584306,1737495139.5942419,1737495139.6638544,1737495139.6669226,1737495139.6670055
