iot_start, iot_end, edge_start1, edge_end1, cloud_start, cloud_end, edge_start2, edge_end2
1737401989.7638812,1737402045.236449,1737402044.396668,1737402045.144022,1737402045.153788,1737402045.2230048,1737402045.2261856,1737402045.2262552
1737402004.8131793,1737402108.304198,1737402078.0266712,1737402078.1889215,1737402078.2044237,1737402078.2935896,1737402078.296195,1737402078.296295
1737401996.519958,1737402144.0662258,1737402053.8522692,1737402053.972345,1737402053.9871354,1737402054.0533917,1737402054.05682,1737402054.0569255
1737402004.6857033,1737402166.1721542,1737402075.427648,1737402075.594794,1737402075.6056733,1737402076.159637,1737402076.1627536,1737402076.162847
1737402064.149345,1737402243.5486426,1737402212.991483,1737402213.4590416,1737402213.4731514,1737402213.537761,1737402213.5407732,1737402213.5408437
1737402074.6089416,1737402274.8402646,1737402244.1707354,1737402244.2959003,1737402244.30879,1737402244.8289475,1737402244.8326573,1737402244.8327005
