iot_start, iot_end, edge_start1, edge_end1, cloud_start, cloud_end, edge_start2, edge_end2
1737401974.5817134,1737401998.7402666,1737401998.0749385,1737401998.1975908,1737401998.2193594,1737401998.7301764,1737401998.7330463,1737401998.7331023
1737401975.2995286,1737402031.3666165,1737402000.5722015,1737402000.7900999,1737402000.8084426,1737402001.3530655,1737402001.3566012,1737402001.3567412
1737401974.94167,1737402048.1095424,1737401987.7135243,1737401987.8348856,1737401987.8499901,1737401988.0115745,1737401988.0140646,1737401988.014144
