iot_start, iot_end, edge_start1, edge_end1, cloud_start, cloud_end, edge_start2, edge_end2
1737494986.1947942,1737495052.6184301,1737495022.3506148,1737495022.4697893,1737495022.4885075,1737495022.6059573,1737495022.6089842,1737495022.6090648
1737494992.7426758,1737495114.5274484,1737495053.8730285,1737495053.9963896,1737495054.0078251,1737495054.5118482,1737495054.515623,1737495054.5157218
1737494965.7852948,1737495157.6651301,1737494977.3848326,1737494977.5553493,1737494977.5734184,1737494977.6443222,1737494977.6477504,1737494977.6478574
1737495058.6935298,1737495221.3760118,1737495220.352027,1737495221.2000885,1737495221.2107491,1737495221.3638732,1737495221.3676414,1737495221.3677218
1737495068.173323,1737495270.2977717,1737495239.6096873,1737495239.734159,1737495239.7454457,1737495240.2808757,1737495240.283711,1737495240.2837834
