iot_start, iot_end, edge_start1, edge_end1, cloud_start, cloud_end, edge_start2, edge_end2
1737400054.0323005,1737401963.5093317,1737400054.0776117,1737400054.2016354,1737400054.214904,1737400054.2859676,1737400054.2916946,1737400054.2917798
1737402024.6209676,1737402126.1167798,1737402125.8170905,1737402126.0203362,1737402126.0321777,1737402126.1044476,1737402126.108584,1737402126.108687
1737402024.2587652,1737402135.5554316,1737402135.3356476,1737402135.4552794,1737402135.46735,1737402135.5447724,1737402135.5476682,1737402135.5477438
1737402024.7560155,1737402196.7775836,1737402136.1108298,1737402136.6604328,1737402136.67265,1737402136.765492,1737402136.768831,1737402136.7689843
