iot_start, iot_end, edge_start1, edge_end1, cloud_start, cloud_end, edge_start2, edge_end2
1737494972.41222,1737495028.645666,1737494997.9609542,1737494998.080975,1737494998.1002102,1737494998.613475,1737494998.616572,1737494998.6166608
1737494972.063832,1737495105.2870255,1737494985.0481994,1737494985.168019,1737494985.1870296,1737494985.2732038,1737494985.2761447,1737494985.2762246
1737494972.75947,1737495209.8648484,1737494998.0909135,1737494999.3417122,1737494999.3602526,1737494999.8473265,1737494999.8495429,1737494999.8496222
